Id|Description|Speaker|Text
ZeusWithAphrodite01|Zeus With Aphrodite 01|Zeus|젊은이, 자네가 어여쁜 아프로디테와 직접 만나보고 싶을 거라 생각했네. 아니면 네가 직접 여기 도착해서 결정할 수도 있겠지. 그렇지 않느냐, 나의 아프로디테, 응?
ZeusWithAphrodite01|Zeus With Aphrodite 01|Aphrodite|어머, 제우스 님! 어쩜 그렇게 무례한 말씀을 하시나요! {#DialogueItalicFormat}제우스 님{#PreviousFormat}께서 그런 말씀을 {#DialogueItalicFormat}제게 {#PreviousFormat}하시면 나머지 신들의 규율이 얼마나 흔들리겠어요!
AresWithAphrodite01|Ares With Aphrodite 01|Ares|네가 올림포스에 나타날 그 날을 매우 고대하고 있다. 우리 중에 너와 그런 관심을 공유하는 자들이 과연 몇이나 될까.
AresWithAphrodite01|Ares With Aphrodite 01|Aphrodite|그래도 관심 있는 자들이 한둘은 있겠지, 아레스? 그리고 그쪽은 필요한 만큼 충분히 시간을 가지라고.
AresWithAphrodite02|Ares With Aphrodite 02|Ares|전쟁이 사랑을 이긴다, 내 혈족아... 상상이 되느냐? 아프로디테 님과 내가 끝없이 논의하는 주제지. 때로는 네가 어떻게 싸움을 선택하게 되었는지 스스로에게 물어 보거라. 물론 싸움에 이유가 필요한 건 아니다만.
AresWithAphrodite02|Ares With Aphrodite 02|Aphrodite|오, 아레스 님. 그런 말씀으로 우리 꼬맹이 신의 생각이나 판단을 흐려 놓을 필요는 없지 않을까요? 이 작은 신에게는 필요한 것을 제공해 주고, 그 얘기는 우리끼리 하시지요.
ArtemisWithAphrodite01|Artemis With Aphrodite 01|Artemis|저기, {#DialogueItalicFormat}어{#PreviousFormat}, 자그레우스! 전부터 궁금한 게 있었는데, 오해하진 말고 들어, 알았어? 아, 이런. 그녀가 왔네.
ArtemisWithAphrodite01|Artemis With Aphrodite 01|Aphrodite|아르테미스, 어째서 말문이 막힌 거야! 지하세계에 있는 저 작은 신 때문인가? 아니면 나 때문인 거야? {#DialogueItalicFormat}흠흠{#PreviousFormat}, 그건 너 자신이 누구보다 잘 알겠지만!
ArtemisWithAphrodite01|Artemis With Aphrodite 01|Artemis|{#DialogueItalicFormat}으{#PreviousFormat}, 내가 뭐라 말하려 했더라. 신경 쓰지 마. 나중에 다시 얘기하든 할게.
ArtemisWithAphrodite02|Artemis With Aphrodite 02|Artemis|{#DialogueItalicFormat}저기{#PreviousFormat}, 자그레우스. 이번에는 내 사냥꾼 본능으로 숨었는데도 아프로디테를 피하지 못했어, 왠지 모르겠지만 아프로디테가 우리 둘이 너 앞에 동시에 나타나야 한다나 뭐라나.
ArtemisWithAphrodite02|Artemis With Aphrodite 02|Aphrodite|뭐래, 아르테미스! 흔하디흔한 야수한테 몸을 숨기는 것쯤이야 쉽겠지만, 나에겐 네 모습이 훤히 다 보인다고. 다음번에는 너 자신에게 좀 더 솔직해지지 그래?
AphroditeWithZeus01|Aphrodite With Zeus 01|Aphrodite|내 사랑, 네 위대한 삼촌이 우리 산꼭대기에서 널 부르려고 하더구나. 우리 둘이서 잘 통제하고 있다고 내가 말해줬어!
AphroditeWithZeus01|Aphrodite With Zeus 01|Zeus|이런, 자그레우스. 아프로디테가 잘 통제하는 거라고는 침 흘리는 구혼자 무리들뿐이지. 안 그러냐? 아프로디테, 네 축복을 내려주고 그만 가 보는 건 어떠냐? 그 다음은 내가 하마.
AphroditeWithPoseidon01|Aphrodite With Poseidon 01|Aphrodite|우리 가족에 대해 한 가지 알아 둬야 할 게 있어, 자기. 각자 별난 점이 하나씩은 있다는 거. 그래도, 우린 언제나 함께 하며 서로를 사랑하는 건 변함 없지만!
AphroditeWithPoseidon01|Aphrodite With Poseidon 01|Poseidon|오, {#DialogueItalicFormat}오호{#PreviousFormat}! 이게 무슨 일이지, 꼬마 하데스? {#DialogueItalicFormat}둘이 {#PreviousFormat}함께 있다니! 둘만의 시간을 갖도록 내 자리를 비켜주지. 내 입은 전함의 닻보다 무거우니 걱정 말고!
AphroditeWithPoseidon01|Aphrodite With Poseidon 01|Aphrodite|굳이 안 가도 돼요, 포세이돈! 당신이 얼마나 멍청한지 설명하려던 참이었는데. 뭐, 같이 있어 보면 바로 깨닫겠지만! 그건 그렇고, 내가 무슨 말을 하고 있었더라...?
AphroditeWithAthena01|Aphrodite With Athena 01|Aphrodite|우리 올림포스 가족을 용서해 줘, 꼬맹이 신! 아주 꽉 막혀서 문제를 더 복잡하게 만드는 신들이 있거든.
AphroditeWithAthena01|Aphrodite With Athena 01|Athena|아프로디테, 그 말을 내 앞에서도 할 수 있을지 궁금하군.
AphroditeWithAthena01|Aphrodite With Athena 01|Aphrodite|어머. 내가 그보다 더한 것도 자기 얼굴 앞에서 할 수 있다는 걸 알아야지, 아테나! 솔직히 말해서 자기 얼굴부터 어떻게 좀 해야 하는 거 아니니?
AphroditeWithAthena02|Aphrodite With Athena 02|Aphrodite|내 사랑, 알아두도록 해. 아테나 여신과 나는 관점이 많이 달라. 아마 아테나는 너무 생각이 많지만 나는 가슴이 시키는 대로 하기 때문일 거야!
AphroditeWithAthena02|Aphrodite With Athena 02|Athena|서로를 이해하게 되어 기뻐. 자그레우스에게 우리가 말다툼하는 모습을 보이는 것 만큼 부끄러운 일은 없으니까.
AphroditeWithAres01|Aphrodite With Ares 01|Aphrodite|나는 우리 모두에 대해 생각을 참 많이 하는데 말이야, 사랑과 전쟁이 종종 동시에 벌어진다는 사실이 놀랍게 느껴진다니까. 서로 반대하는 힘이 서로를 연결하다니. 신들과 필멸자들의 가장 맹렬한 정념! 그렇지 않아요, 아레스 님?
AphroditeWithAres01|Aphrodite With Ares 01|Ares|필멸자들은 목숨을 너무 아껴서 목숨을 위해서라면 다른 목숨을 기꺼이 거두지. 그때 필멸자들에게 밀려드는 감정... 정념은 서로 크게 다르지 않답니다, 아프로디테 님.
AphroditeWithArtemis01|Aphrodite With Artemis 01|Aphrodite|오, 자기! 날카로운 통찰력의 주인공 아르테미스를 데려왔어요. 워낙 사냥만 하는 아이라 숫기가 없어서 그런가 자기가 직접 당신 앞에 나서질 못하는군요!
AphroditeWithArtemis01|Aphrodite With Artemis 01|Artemis|숫기가 없다니! 그런 말을 왜 하는 건지! 필요하다면 얼마든지 내가 그쪽을 찾아 나설 수 있다는 거 알잖아요, 자그레우스. 하지만 어떻게 하면 아프로디테 관심 밖으로 벗어날 수 있을진 전혀 모르겠다니까.
AphroditeWithDionysus01|Aphrodite With Dionysus 01|Aphrodite|내 힘은 종종 디오니소스와 함께 발휘되지. 존재하지 않는 아름다움을 보도록 정신을 설득하는 디오니소스의 힘과 함께 말이야!
AphroditeWithDionysus01|Aphrodite With Dionysus 01|Dionysus|{#DialogueItalicFormat}아, 하하{#PreviousFormat}. 저를 그렇게 띄워주실 필요는 없습니다, 아프로디테 님! 아름다움이란 본래 마음 속에 있는 것이지요! 그리고 근육과 턱선과 미소에도 있지만 말입니다. 제가 뭐라고 이런 말을 하는지 모르겠네요.
AphroditeWithDemeter01|Aphrodite With Demeter 01|Aphrodite|존경하는 계절의 여신 데메테르 님께서 최대한 위엄에 찬 모습으로 꾸미시다니. 믿어지니, 자기? 왜 그렇게 얼굴에 선을 그어대는지는 나도 잘 모르겠지만 말이야.
AphroditeWithDemeter01|Aphrodite With Demeter 01|Demeter|오, 아프로디테... 가려진 모습의 본질을 전혀 알지 못하는구나. 네가 선택한 표정이 너의 의도와 관심사를 명백히 표현하는 거다.
AphroditeAboutOlympianReunionQuest01|Aphrodite About Olympian Reunion Quest 01|Zagreus|좋아. 준비됐어. 하데스의 이름으로! 올림포스여, 공식적인 메시지를 전합니다! 아프로디테 님, 이 메시지가 당신에게 꼭 닿기를!
AphroditeAboutOlympianReunionQuest01|Aphrodite About Olympian Reunion Quest 01|Aphrodite|어머나, {#DialogueItalicFormat}이게 {#PreviousFormat}뭐예요, 자기! 이런 알쏭달쏭한 메시지를 보내다니. 내 호기심을 자극할 만큼 흥미로워. 뭐라고 적혀 있는지 너무나 궁금한걸. 올림포스에 있는 다른 신들의 표식이 있는 걸 보면... 문제에 관해 우리 서로 공통적으로 알고 있는 지식을 공유할 필요가 있을 것 같은데요?
AphroditePostEpilogue01|Aphrodite Post Epilogue 01|Aphrodite|오, 자기. 최근에 여기 왔을 때 보냈던 시간이 얼마나 즐거웠는지 몰라! 새로운 광경과 소리, 냄새를 그처럼 많이 경험하다니 너무나 황홀했어! 그리고 넌 지금 엄청난 책임감으로 어깨가 무거울 거야, 안 그래? 내가 앞으로도 종종 그대에게 은총을 내려 줘도 될까?
AphroditeAboutZeus01|Aphrodite About Zeus 01|Aphrodite|제우스 님과는 이미 만난 모양이던데? 둘이 삼촌과 조카 사이라는 걸 가끔 잊어버리네요! 제우스 님의 은총은 언제든 도움이 될 거예요. 내가 보장해요.
AphroditeAboutPoseidon01|Aphrodite About Poseidon 01|Aphrodite|그 멍청이 포세이돈이 이미 네게 말을 걸었구나? 목청과 덩치만 큰 허세 덩어리. 넌 그런 부류가 아닌 것 같아 다행이네.
AphroditeAboutAthena01|Aphrodite About Athena 01|Aphrodite|아테나를 이미 만났더군요. 그렇다면 올림포스의 여인들이 전부 비슷하지 않다는 건 잘 알겠네요. 나만 해도 우리 조상들에게 얼마나 감사한지 몰라요!
AphroditeAboutAres01|Aphrodite About Ares 01|Aphrodite|아레스가 당신한테 큰 관심을 두고 있던데. 신들 사이에서 제대로 이해를 받지 못하고 있지만, 당신은 그와 나에게서 우수한 자질을 본 게 틀림없군요?
AphroditeAboutArtemis01|Aphrodite About Artemis 01|Aphrodite|침울한 아르테미스가 자기한테 연락했군, 그렇지? 그 성격에 먼저 연락하다니 대단한 일이긴 한데, 그 애와는 무슨 일이든 성급하지 않은 게 좋을 거야. {#DialogueItalicFormat}알겠어{#PreviousFormat}?
AphroditeAboutDionysus01|Aphrodite About Dionysus 01|Aphrodite|유쾌한 디오니소스가 나보다 먼저 자기한테 연락하다니, 운이 좋네! 우리 중에서도 가장 고결하고 중요한 술의 신이 직접 나서다니!
AphroditeAboutDemeter01|Aphrodite About Demeter 01|Aphrodite|저런, 늙고 우울한 데메테르가 나보다 먼저 자기한테 간 거야? 내 도움은 그렇게 거절하더니! 우리 꼬맹이 신하고는 다르게 말이야!
AphroditePostGiftPickup01|Aphrodite Post Gift Pickup 01|Aphrodite|당신과 이렇게 예기치 않게 마주치는 순간이 얼마나 날 들뜨게 하는지 몰라요! 개인적으로 당신처럼 즉흥적인 성격을 정말 좋아하거든요!
AphroditePostGiftPickup02|Aphrodite Post Gift Pickup 02|Aphrodite|당신의 심장이 시키는 대로 계속 따라가세요! 그만큼 훌륭한 안내자는 없으니까요. 내 심장은 당신이 꼭 성공할 거라고 말해 주네요!
AphroditePostGiftPickup04|Aphrodite Post Gift Pickup 04|Aphrodite|내가 {#DialogueItalicFormat}결혼{#PreviousFormat}했다는 건 알고 있지...? 몰랐다 하더라도 용서할게. 내 남편은 자기 일 보느라 늘... 바쁘거든. 이렇게 이야기를 나눌 상대라도 있어서 얼마나 고마운지 몰라.
AphroditePostFlashback01|Aphrodite Post Flashback 01|Aphrodite|올림포스에 와 보면 정말 마음에 들 거예요. 공기가 정말 아름답고 쾌적한 데다 우거진 정원, 그리고 끝없이 펼쳐지는 연회까지...! 당신이 익숙한 모든 것들에 반대되는 것들로 가득하죠!
AphroditePostFlashback02|Aphrodite Post Flashback 02|Aphrodite|당신이 이곳에 오면 뭘 하면 좋을까요? 바깥세상으로 나가 필멸자들을 만나 보는 건 어때요! 당신 같은 분을 만나고 싶어 하는 아가씨들과 점잖은 신사들이 얼마나 많은지 몰라요.
AphroditeVsAchilles01|Aphrodite Vs Achilles 01|Aphrodite|언젠가 작은 새가 날아와 아킬레우스라는 위대한 영웅의 혼령이 지금 당신 아버지의 영역에 머물고 있다고 전해 주더군요. 언젠가 꼭 만나 보고 싶었는데...
AphroditeVsAchilles02|Aphrodite Vs Achilles 02|Aphrodite|자기는 아킬레우스를 만났겠네. 내가 설계한 전쟁에서 아주 쓸모 있는 인물이었어. 그런데도 그를 동요시키려는 나의 모든 시도를 저항해 내더라. 만나면 내가 존경한다고, 그렇게만 전해 줘.
AphroditeVsAchilles03|Aphrodite Vs Achilles 03|Aphrodite|위대한 영웅 아킬레우스, 그 작자가 내 정중한 지원을 계속해서 무시하고 있어. 그렇지? 내가 친히 몇 번이나 연락했는데! 너희 아버지의 영역은 심해도 너무 심해. 얼마나 황당하겠느냔 말이야!
AphroditeVsMeg01|Aphrodite Vs Meg 01|Aphrodite|퓨리 메가이라와 치고받고 했구나? 그 애에 대해서는 내가 알고 있지. 뭐, 최근 들어 우리 올림포스 신들은 지하세계에 사는 자들과 교류를 끊었지만. 너만은 빼고 말이야!
AphroditeVsMeg02|Aphrodite Vs Meg 02|Aphrodite|작은 새 한 마리가 날아와 당신과 퓨리 메가이라의 최근 소식을 전해 주더군요. 둘이 꽤 가까워졌다면서요! 그 애를 조심해요. 너무 정들지 않는 게 좋을 거예요.
AphroditeAboutKeepsake01|Aphrodite About Keepsake 01|Aphrodite|어머, 내 영원의 장미를 가지고 있구나? 우리 강력한 혈족 중에 나를 가장 먼저 생각해 줬다니 기뻐.
AphroditeRunCleared01|Aphrodite Run Cleared 01|Aphrodite|도대체 그 아래서 {#DialogueItalicFormat}무슨 일이 {#PreviousFormat}벌어지고 있는 거야, 자기? 자기가 분명 빠져나올 거라고 확신했는데, 그 끔찍한 장소에 발목이 잡힌 모양이네. 그래도 절망하지 말고 힘을 내. 알겠지?
AphroditeAboutPersephoneMeeting01|Aphrodite About Persephone Meeting 01|Aphrodite|뭔가가 자기 심장을 휘저어 놓았네. 난 딱 보면 알아! 가족을 향한 사랑의 감정인 건가? 그래, 바로 그거야. 내 짐작이 맞지? 자기한테 대체 무슨 일이 일어난 거야? {#DialogueItalicFormat}응{#PreviousFormat}?
AphroditePostEpilogue02|Aphrodite Post Epilogue 02|Aphrodite|당신 아버지와 따뜻한 마음씨를 가진 페르세포네가 그 아래 세상에서 이제껏 쭉 함께 있었다니! 당신 아버지는 차가운 심장을 가지고 있다고 확신했는데. 그런 게 바로 사랑의 힘이지! 나조차도 놀라게 만든다니까!
AphroditeHighAffinity01|Aphrodite High Affinity 01|Aphrodite|내가 아끼는 우리 꼬맹이 신. 요즘은 좀 어떻게 지내? 자기랑 이렇게 가볍게 대화하는 게 참 좋아. 내 저녁을 환하게 밝혀 주거든.
AphroditeAboutLove01|Aphrodite About Love 01|Aphrodite|우리 꼬맹이 신. 지금쯤 일곱 가지 유형의 사랑을 알고 있겠지? 아주 복잡한 분야라니까! 하지만 그중에서 내가 관심을 갖는 것이 몇 가지 있지. 사실 자기한테도 몇 가지 사랑을 안고 있어. 바로 여기!
AphroditeAboutLove02|Aphrodite About Love 02|Aphrodite|내 사랑, 자기의 마음이 가득 차 있음이 느껴져. 사랑을 뿜어내고 있어. 많은 존재들과 가까워진 것이 틀림없겠지. 나하고도 그런 걸까...? 자기 영혼이 환하게 빛나는 것을 보면 기뻐.
AphroditeAboutLove03|Aphrodite About Love 03|Aphrodite|오, 자기, 지금까지 진심을 다해 아끼게 된 많은 이들을 향한 사랑으로 심장이 요동치고 있어! 친구들, 타오르는 열정, 가족, {#DialogueItalicFormat}모두{#PreviousFormat}를 향한 마음으로! 자기는 내가 애써 온 모든 일들이 헛되지 않았음을 보여 주는 살아 있는 증거야!
AphroditeBackstory01|Aphrodite Backstory 01|Aphrodite|정말 궁금해서 그런데, 하데스 님은 어째서 지금껏 당신의 존재를 우리에게 숨겨 온 걸까요. 당신이 우릴 만나면 우리와 어떻게든 함께하려 할 거라는 걸 아셨는지도 모르죠!
AphroditeAboutMegRelationship01|Aphrodite About Meg Relationship 01|Aphrodite|드디어 메가이라에 대한 마음을 실행에 옮겼구나. 그렇지, 꼬맹이 신? 이런 일은 내 눈을 피하기가 힘들지. 매번 봐도 얼마나 보기가 즐거운지 몰라!
AphroditeAboutMegRelationship02|Aphrodite About Meg Relationship 02|Aphrodite|무시무시한 메가이라가 요새는 자기를 어떻게 대해 주니? {#DialogueItalicFormat}응{#PreviousFormat}? 난 그 아이 같은 유형을 아주 잘 알아. 아무도 자신을 이길 수 없다는 듯이 행동하지, 안 그래?
AphroditeAboutThanRelationship01|Aphrodite About Than Relationship 01|Aphrodite|{#DialogueItalicFormat}음{#PreviousFormat}, 요즘에 그 음울한 타나토스랑 사이가 좋아진 모양이야? 난 걔가 그렇게 우울해 보이는 게 연기라고 늘 생각했거든!
AphroditeAboutThanRelationship02|Aphrodite About Than Relationship 02|Aphrodite|귀여운 꼬맹이 신, 너랑 타나토스가 요새 얼마나 가까워졌는지 다 알아! 그 악명 높은 죽음의 화신이 하데스의 새 아들하고 연애질? 엄청 대단한 스캔들이잖아!
AphroditeAboutDusaRelationship01|Aphrodite About Dusa Relationship 01|Aphrodite|음, 자기야? 내 완벽한 감각이 맞다면 너 요새 저 아래서 만난 작은 고르곤한테 홀딱 반한 것 같던데...? 그거 엄청 귀엽겠다! 좀 이상하긴 하지만.
AphroditeAboutDusaRelationship02|Aphrodite About Dusa Relationship 02|Aphrodite|자기 심장 박동이 변했어! {#DialogueItalicFormat}아아{#PreviousFormat}, 그 작은 고르곤이구나. 너네 지하세계 주민들은 참 아기자기하게 논다니까! 아무리 봐도 질리질 않아. 둘이 잘 되길 바랄게. {#DialogueItalicFormat}알겠지{#PreviousFormat}?
AphroditeLowHealth01|Aphrodite Low Health 01|Aphrodite|이런, 가엾어라. 많이 다쳤군요! 내가 낫게 해 줄 수 있을지 어디 한번 보죠.
AphroditeLowHealth02|Aphrodite Low Health 02|Aphrodite|쯧쯧. 지금 그 상태로는 나와 함께 나가긴 힘들겠어요. 혹시 내 도움을 받아 시련을 이겨 낸다면 모를까?
AphroditeLowHealth03|Aphrodite Low Health 03|Aphrodite|자기, 너 심장이 엄청 요동치고 있어. 그렇게까지 안 좋아? 내가 최대한 도와줄게.
AphroditeLowHealth04|Aphrodite Low Health 04|Aphrodite|저런, 상태가 많이 안 좋구나. 어쨌든 네 심장이 계속해서 뛰고는 있어! 아직 죽지 마!
AphroditeLowHealth05|Aphrodite Low Health 05|Aphrodite|우리 꼬맹이 신, 완전 죽기 직전이네! 물론 그걸 바라는 건 아니야, 그랬으면 내 {#DialogueItalicFormat}은혜{#PreviousFormat}를 이렇게 주지 않았을 테지!
AphroditeLegendaryPickUp01|Aphrodite Legendary Pick Up 01|Aphrodite|당신의 업적에 내가 얼마나 감동했는지 이야기해 줄 특별한 순간을 기다려 왔어요... 지금이 그 특별한 순간이 될 수 있을까요?
AphroditeLegendaryPickUp02|Aphrodite Legendary Pick Up 02|Aphrodite|나의 애정이 듬뿍 담긴 축복을 내가 깊이 경배하는 자에게 주려고 아껴 뒀어요. 축하해요! 자, 여기!
AphroditeLegendaryPickUp03|Aphrodite Legendary Pick Up 03|Aphrodite|때로는 내 심장이 너무 부풀어 올라서 터질 것 같아! 내가 널 얼마나 아끼는지 보여주고 싶어. 널 돕기 위해서라면 뭐든지 할 거야! 내 진심 어린 축복이 너와 함께하길 바랄게.
AphroditeLegendaryPickUp04|Aphrodite Legendary Pick Up 04|Aphrodite|우리 꼬맹이 신, 심장에는 무한한 공감 능력이 있다는 걸 아니? 나도 널 내 마음 속에서 느껴. 내가 줄 수 있는 가장 아름다운 축복을 내려줄게!
AphroditeFirstPickUp|Aphrodite First Pick Up|Zagreus|엉망진창이었나 보군. 어디 볼까. 안녕! 하데스의 이름으로! 올림포스여! 저는 이 메시지를 받아들입니다.
AphroditeFirstPickUp|Aphrodite First Pick Up|Aphrodite|아, 안녕. 거기 있었군요. 아주 특별한 분이시군요. 그래서 당분간 당신을 도울 생각이에요. 관심 있어요?
AphroditeMiscPickup01|Aphrodite Misc Pickup 01|Aphrodite|혹시 나 보고 싶었어요? 내가 잠깐 떠났다 다시 오면 잃어버린 시간을 더 의미 있게 보낼 수 있지 않을까 생각했어요.
AphroditeMiscPickup02|Aphrodite Misc Pickup 02|Aphrodite|또 보는군요. 이제 본격적으로 시작해 볼까요? 당신과 난 원하는 게 같아요. 그러니 두말할 필요 없겠죠.
AphroditeMiscPickup03|Aphrodite Misc Pickup 03|Aphrodite|보아하니 꽤 곤란한 상황에 빠진 것 같은데. 내 짐작이 맞나? 하지만 걱정 붙들어 매. 내가 힘을 좀 써 볼 테니.
AphroditeMiscPickup04|Aphrodite Misc Pickup 04|Aphrodite|자 자, 여기에 도착하면 그동안 어떤 일들을 겪었는지 나한테 다 말해 줘, 지금은 그곳에서 빠져나오는 데에 집중하자고.
AphroditeMiscPickup05|Aphrodite Misc Pickup 05|Aphrodite|무슨 일이죠? 아직도 죽은 자들과 문제가 있는 건가요? 살아서 날 그토록 겪고서도 아직 깨닫지 못하다니!
AphroditeMiscPickup06|Aphrodite Misc Pickup 06|Aphrodite|지난번 이후로 내가 놓친 게 뭐죠? 뭐 좀 흥미로운 일이라도 있었나요? 자유로워지면 나한테 다 말해 줘야 해요.
AphroditeMiscPickup07|Aphrodite Misc Pickup 07|Aphrodite|네 모습 좀 봐! 어떤 위험이 닥치더라도 의연히 맞설 준비가 되어 있구나! 하지만 궁금하네, {#DialogueItalicFormat}이걸 {#PreviousFormat} 받을 준비는 되어 있는지?
AphroditeMiscPickup08|Aphrodite Misc Pickup 08|Aphrodite|준비 단단히 해요. 왜냐면 당신과 나 둘이서 결코 잊지 못할 둘만의 외출에 나서려던 참이었거든요.
AphroditeMiscPickup09|Aphrodite Misc Pickup 09|Aphrodite|혹시 당신 마음속에 나 같은 여신의 부드러운 축복을 받아들일 여유가 있을까요?
AphroditeMiscPickup10|Aphrodite Misc Pickup 10|Aphrodite|낙담하지 마, 우리 자기! 이곳 올림포스 산의 정원에서 실제 나의 모습을 보기 전까지 절대 포기하게 놔두지 않을 거야...!
AphroditeMiscPickup11|Aphrodite Misc Pickup 11|Aphrodite|자기, 나는 오랜 세월 많은 신과 꼬마 신들을 만났어. 하지만 넌 우리 같은 존재가 보기에도 {#DialogueItalicFormat}제법 {#PreviousFormat}흥미로워.
AphroditeMiscPickup12|Aphrodite Misc Pickup 12|Aphrodite|자기, 우리가 보낼 시간을 한번 상상해봐. 너와 나 둘이서! 최선을 다하면 모든 게 잘 될 거야!
AphroditeMiscPickup13|Aphrodite Misc Pickup 13|Aphrodite|난 항상 여기, 아니 근처에 있으면서 널 돕도록 할게, 우리 자기. 그러니 언제든 주저 말고 나를 불러줘. {#DialogueItalicFormat}으흠{#PreviousFormat}?
AphroditeMiscPickup14|Aphrodite Misc Pickup 14|Aphrodite|당신에게 즐거운 시간을 선사하고 싶어요. 물론 당신이 있는 그곳에서 즐거운 시간이란 걸 상상하긴 어렵지만! 음울하기만 한 그런 곳에서 말이죠!
AphroditeMiscPickup15|Aphrodite Misc Pickup 15|Aphrodite|작은 신이여, 당신이 몹시 그리웠어요! 부디 다시는 죽지 말아요. 또다시 당신의 죽음을 받아들일 자신이 없어요!
AphroditeMiscPickup16|Aphrodite Misc Pickup 16|Aphrodite|얼마나 지상에 이르고 싶었으면 이 고생을! 그 모습을 보니 나도 당신을 꼭 돕고 싶네요. 내가 할 수 있는 모든 수단을 동원해서라도!
AphroditeMiscPickup17|Aphrodite Misc Pickup 17|Aphrodite|이제 더 이상 걱정할 필요 없어요! 당신에게 힘과 위안이 되어 줄게요. 그리고 당신이 딛는 모든 발걸음을 신중히 지켜볼게요.
AphroditeMiscPickup18|Aphrodite Misc Pickup 18|Aphrodite|자기와 얼굴을 맞대고 만날 날을 얼마나 기대하고 있는지! 그때가 올 때까지 이런 구닥다리 방식으로 연락을 할 수 밖에. 그러니 부디 잘 지내라고, {#DialogueItalicFormat}흠{#PreviousFormat}?
AphroditeMiscPickup19|Aphrodite Misc Pickup 19|Aphrodite|네가 여기에서 우리와 함께할 수 있다면 내가 뭐든 할 거란 거 알지, 자기? 내 축복으로 충분했으면 해...!
AphroditeMiscPickup20|Aphrodite Misc Pickup 20|Aphrodite|사랑은 아주 이상한 곳에서 아주 이상한 때에 꽃핀다죠. 그런 얘기 들어 봤죠? 우린 그 기회가 찾아왔을 때 즐기기만 하면 돼요.
AphroditeMiscPickup21|Aphrodite Misc Pickup 21|Aphrodite|그 아래에서 너무 무리하지 마, 약속이야? 올림포스에 올 때까지 최상의 체력과 정신을 유지해야지.
AphroditeMiscPickup22|Aphrodite Misc Pickup 22|Aphrodite|수다는 건너뛰고 본론으로 들어가 볼까요?
AphroditeMiscPickup23|Aphrodite Misc Pickup 23|Aphrodite|오, 이런. 홀로 외로운 싸움을 하는 안타까운 모습이란.
AphroditeMiscPickup24|Aphrodite Misc Pickup 24|Aphrodite|우리 둘이 어떤 장난을 칠 수 있을지 한번 볼까요!
AphroditeMiscPickup25|Aphrodite Misc Pickup 25|Aphrodite|내 축복이 필요해요? 그럼 드리죠!
AphroditeMiscPickup26|Aphrodite Misc Pickup 26|Aphrodite|내가 너무 기다리게 한 건 아닌지 모르겠네요.
AphroditeMiscPickup27|Aphrodite Misc Pickup 27|Aphrodite|불멸자들도 마음의 상처를 받는답니다.
AphroditeMiscPickup28|Aphrodite Misc Pickup 28|Aphrodite|우리 함께 나가서 새로운 친구를 만들어 보는 건 어때요?
AphroditeMiscPickup29|Aphrodite Misc Pickup 29|Aphrodite|도움의 손길이 필요해 보이는군요, 내 사랑.
AphroditeMiscPickup30|Aphrodite Misc Pickup 30|Aphrodite|사랑으로 맺어진 관계는 그 어떤 역경도 이겨낼 만큼 강해, 자기.
AphroditeMiscPickup31|Aphrodite Misc Pickup 31|Aphrodite|역경 속에서 사랑은 더 강해지는 법이야.
AphroditeMiscPickup32|Aphrodite Misc Pickup 32|Aphrodite|네가 힘들어하는 모습은 보고 싶지 않아! 조심 좀 하라고!
AphroditeMiscPickup33|Aphrodite Misc Pickup 33|Aphrodite|사랑이 무엇보다도 강해. 자기도 알지?
AphroditeMiscPickup34|Aphrodite Misc Pickup 34|Aphrodite|네가 사랑하는 것들을 생각해 봐. 그러면 용기가 생길 거야.
AphroditeMiscPickup35|Aphrodite Misc Pickup 35|Aphrodite|목적을 달성하고자 하는 열정이 제법 대단한걸!
AphroditeMiscPickup36|Aphrodite Misc Pickup 36|Aphrodite|저 끔찍한 어둠 속에서 널 거의 볼 수 없어서 참 아쉬워, 우리 꼬맹이 신.
AphroditeMiscPickup37|Aphrodite Misc Pickup 37|Aphrodite|사랑은 가슴에 더 강한 용기를 불어넣어 주지. 안 그래, 자기?
AphroditeMiscPickup38|Aphrodite Misc Pickup 38|Aphrodite|힘내, 자기. 이걸 자기한테 줄게.
AphroditeMiscPickup39|Aphrodite Misc Pickup 39|Aphrodite|힘이 닿는 한 도와줄게, 우리 꼬맹이 신.
AphroditeMiscPickupRare01|Aphrodite Misc Pickup Rare 01|Aphrodite|이번에 널 위해 가장 사랑스러운 축복들로 준비해 봤어!
AphroditeMiscPickupRare02|Aphrodite Misc Pickup Rare 02|Aphrodite|이번에는 아주 특별한 걸 줄게, 꼬맹이 신.
AphroditeMiscPickupRare03|Aphrodite Misc Pickup Rare 03|Aphrodite|힘들 때 남을 돕는 것이야말로 순수한 사랑에서 비롯된 행동 아니겠니?
AphroditeMiscPickupRare04|Aphrodite Misc Pickup Rare 04|Aphrodite|요새 기분이 너무 좋아, 자기야. 이걸 받아!
AphroditeLootBought01|Aphrodite Loot Bought 01|Aphrodite|또 만났군요. 그것도 뱃사공의 잡동사니가 쌓여 있는 곳 한가운데서! 덕분의 별의별 장소에 다 와 보는군요!
AphroditeLootBought02|Aphrodite Loot Bought 02|Aphrodite|처음에는 그 괴상한 뱃사공 카론에게 어떻게 다가갈지 전혀 감이 안 잡혔어요. 알고 보니 동전에 목을 매는 자였더군요. 이제 그를 잘 알 것 같기도 해요!
AphroditeLootBought03|Aphrodite Loot Bought 03|Aphrodite|힘들게 번 돈을 나 때문에 쓰는 거야? 고맙기도 해라!
AphroditeLootBought04|Aphrodite Loot Bought 04|Aphrodite|사랑에는 가치를 매길 수 없는데, 자기를 위한 내 축복은? 뱃사공하고 정리했어.
AphroditeRejection01|Aphrodite Rejection 01|Aphrodite|당신과 나 사이에 뭔가 특별한 감정이 싹트고 있다고 생각했는데, 아닌가요...? 내 말대로 하면 앞으로 당신이 받을 고통이 크게 줄어들 거예요. 난 질투심이 많은 편이에요.
AphroditeRejection02|Aphrodite Rejection 02|Aphrodite|내 애정을 당연하게 받아들이지 않는 게 좋을 거예요. 애정은 얼마든지 듬뿍 줄 수 있지만, 또 얼마든지 쉽게 그런 특권을 거둬들일 수도 있어요.
AphroditeRejection03|Aphrodite Rejection 03|Aphrodite|나에 대해 이런저런 말들을 많이들 하죠. 귀 기울여 듣다 보면 나와 상대할 때 충분한 주의를 기울여야 한다는 말도 분명 들릴 거예요. 그 이유를 직접 보여 줄게요.
AphroditeRejection04|Aphrodite Rejection 04|Aphrodite|날 마음대로 조종할 수 있는 철없는 님프 같은 존재라고 생각하면 {#DialogueItalicFormat}오산{#PreviousFormat}이야. 내가 기대하는 건 상호 간의 헌신이거든. 무슨 말인지 알지?
AphroditeRejection05|Aphrodite Rejection 05|Aphrodite|어머, {#DialogueItalicFormat}정말{#PreviousFormat}? 난 거절을 당하고도 가만히 있는 성격이 아니거든. 곧 절실히 깨닫게 될 거야.
AphroditeRejection06|Aphrodite Rejection 06|Aphrodite|지금까지 우리가 쌓아 온 관계가 얼마나 튼튼한지 시험하고 싶은 거라면... 그래, 어디 해 봐!
AphroditeRejection07|Aphrodite Rejection 07|Aphrodite|어머, 자기... 좀 더 나은 선택을 할 수도 있지 않겠니?
AphroditeRejection08|Aphrodite Rejection 08|Aphrodite|자기, 내가 말을 제대로 안 해줬나 본데 똑똑히 들어. 기회가 생기면, {#DialogueItalicFormat}절대 {#PreviousFormat}나를 거부하지 마.
AphroditeRejection09|Aphrodite Rejection 09|Aphrodite|내 사랑을 이렇게 쉽게 거부하는 거야, 자기? 그 결과가 얼마나 가혹할지 곧 알게 될 걸.
AphroditeRejection10|Aphrodite Rejection 10|Aphrodite|내가 거절에 익숙하지 않다는 건 분명해, 내 사랑. 하지만 {#DialogueItalicFormat}너{#PreviousFormat}는 아주 빠른 죽음에 익숙하겠지! 곧 그 죽음이 닥쳐올 거야.
AphroditeRejection11|Aphrodite Rejection 11|Aphrodite|이렇게 마음이 아플 수가, 내 사랑. 왜 그런 짓을 했을까? 내가 이런 모욕을 참을 거라고 생각하진 않았겠지.
AphroditeRejection12|Aphrodite Rejection 12|Aphrodite|어떻게 {#DialogueItalicFormat}감히 {#PreviousFormat}내 {#DialogueItalicFormat}마음{#PreviousFormat}을 가지고 놀다니, 꼬맹이 신? 그렇다면 나도 네 마음을 가져다가 산산이 조각내 줄 수 밖에!
AphroditeRejection13|Aphrodite Rejection 13|Aphrodite|때로는 네가 다른 존재들과 아주 다르다는 생각을 해, 내 사랑. 하지만 결국 너도 똑같은 짓을 하는구나.
AphroditeRejection14|Aphrodite Rejection 14|Aphrodite|나를 이런 식으로 내칠 수 있다고 생각해, 자기? 내가 널 산산조각 낼 수도 있다는 걸 명심해! 누가 맞는지 어디 보자꾸나.
AphroditeMakeUp01|Aphrodite Make Up 01|Aphrodite|우리가 입맞춤을 나누고 화해한 거로 치죠. 다만 다시는 날 화나게 하지 말아요. 또 그랬다간 내가 직접 내려가 내 손으로 당신을 죽여야 할 테니!
AphroditeMakeUp02|Aphrodite Make Up 02|Aphrodite|너의 그 열정은 가끔 나를 복수심으로 들끓게 만든다니까, 자기! 하지만 뭐, 누구든 결함이 하나쯤은 있는 법이지, {#DialogueItalicFormat}그래{#PreviousFormat}?
AphroditeMakeUp03|Aphrodite Make Up 03|Aphrodite|아, 당신과 이렇게 싸우고 싶지 않았는데! 서로 용서하고 잊는 게 어때요? 그리고 예전으로 돌아가자고요!
AphroditeMakeUp04|Aphrodite Make Up 04|Aphrodite|이제 더 이상 당신에게 화나 있지 않아요! 다만 계속 좋은 관계를 유지하고 싶다면 당신이 좀 더 노력해야 하겠지만.
AphroditeMakeUp05|Aphrodite Make Up 05|Aphrodite|사랑하는 마음은 용서하는 마음과 같다고 하잖니? 이번 일은 그냥 넘어갈게. 애정 가득한 내 마음에 감사해야 할 거야. {#DialogueItalicFormat}흠-흠{#PreviousFormat}!
AphroditeMakeUp06|Aphrodite Make Up 06|Aphrodite|난 사랑꾼이지 싸움꾼이 아니에요. 그러니 이 일은 접어 두고 앞으로의 일이나 걱정하도록 하죠?
AphroditeMakeUp07|Aphrodite Make Up 07|Aphrodite|사소한 앙금은 치워두는 걸로 하자. 난 이제 괜찮아. 엄청 화가 났었지만 말이야, 내 사랑!
AphroditeMakeUp08|Aphrodite Make Up 08|Aphrodite|언제까지고 우리 꼬맹이 신한테 화만 낼 수는 없지. 사소한 오해는 묻어두고 넘어가자.
AphroditeMakeUp09|Aphrodite Make Up 09|Aphrodite|사랑은 다채로운 법이야, 꼬맹이 신. 그러니... 네 경솔한 행동은 일어나지 않은 걸로 해 주지.
AphroditeMakeUp10|Aphrodite Make Up 10|Aphrodite|힘든 시기에서야말로 우리의 사랑이 시험받고 굳건해지는 거야. 그렇지만 이런 식으로 시험할 때는 조심해야지.
AphroditeMakeUp11|Aphrodite Make Up 11|Aphrodite|사랑과 질투는 동전의 앞뒷면과 같지. 안 그래, 자기? 앞면이 훨씬 더 즐겁지만 말이야.
AphroditeMakeUp12|Aphrodite Make Up 12|Aphrodite|아, 싸움은 지긋지긋해! 이건 {#DialogueItalicFormat}전혀 {#PreviousFormat}우리답지 않잖아, 자기! 우리 키스하고 화해했다고 하자, 알겠지?
AphroditeGift01|Aphrodite Gift 01|Zagreus|아프로디테 님, 당신을 알고 지낼 수 있다는 것만으로 저에게는 축복입니다. 그러니 받아 주시죠.
AphroditeGift01|Aphrodite Gift 01|Aphrodite|서로 보듬는 관계만이 오래 지속할 수 있어요. 나에게 선물 공세를 퍼붓는다면 나도 뭔가 보답을 해야 하지 않겠어요?
AphroditeGift02|Aphrodite Gift 02|Zagreus|아프로디테 님, 당신을 알지 못했다면 제 낮과 밤은 훨씬 더 암울했을 겁니다.
AphroditeGift02|Aphrodite Gift 02|Aphrodite|이런 사려 깊은 선물을 날 위해 준비한 건가요? 너무나 마음에 들어요. 이럴 필요 없었다고 말한다면 그건 거짓이겠죠!
AphroditeGift03|Aphrodite Gift 03|Zagreus|아프로디테 님, 당신의 격에 맞는 선물을 찾기란 불가능에 가깝지만, 일단 이거라도 받아 주십시오.
AphroditeGift03|Aphrodite Gift 03|Aphrodite|맙소사. 번쩍이는 보물이 아니더라도 당신의 마음이 담겨 있다니 기꺼이 받겠어요! 아니면 더한 것도 받을 의향이 있긴 한데...?
AphroditeGift04|Aphrodite Gift 04|Zagreus|아프로디테 님, 이미 많은 자가 당신에게 제물을 바칠 테지만, 미흡하나마 제 선물도 받아 주시기를 바랍니다.
AphroditeGift04|Aphrodite Gift 04|Aphrodite|오, 당신이 우리 관계를 그토록 소중히 여기고 있었다니, 가슴이 떨리네요! 이런 엄청난 선물로 기념할 수 있다니, 감격스럽군요!
AphroditeGift05|Aphrodite Gift 05|Zagreus|아프로디테 님, 이루 헤아릴 수 없는 올림포스의 아름다움도 아프로디테 님을 만나고 나니 하찮아 보입니다. 아프로디테 님의 호의를 입게 되어 영광입니다.
AphroditeGift05|Aphrodite Gift 05|Aphrodite|어머, 제법 세게 나오잖아. 작은 꼬맹이 신! 하긴 난 더한 사랑도 받아들일 수 있지. 곧 알게 될 거야!
AphroditeGift06|Aphrodite Gift 06|Zagreus|아프로디테 님을 숭배하고 구혼하는 자는 올림포스의 모든 혈족을 다 합친 것보다 더 많겠죠. 저는 둘 다 아니지만, 아프로디테 님이 하신 일들에 대한 저의 감사는 진심입니다.
AphroditeGift06|Aphrodite Gift 06|Aphrodite|알지, 자기. 난 올림포스의 그 누구보다 많은 사람의 숭배를 받고 있어! 그렇게 칭찬을 많이 받다 보면 무감각해질 것도 같지만, 아니! 난 칭찬받는 거 좋아해. 특히 자기한테는 더.
AphroditeGift07|Aphrodite Gift 07|Zagreus|아프로디테 님, 당신의 존재와 호의로 다시 한번 제게 은총을 내려주셨군요. 이 보잘 것 없는 암브로시아를 제가 영원히 진 빚의 증표로 드립니다.
AphroditeGift07|Aphrodite Gift 07|Aphrodite|우리 꼬맹이 신. 내게 셀 수 없이 많은 경의를 표해줬다고 하고 싶지만, 그러면 거짓말이겠지. 나도 자기의 헌신과 의지를 존경해! 올림포스에 오면 직접 만나서 더 자세히 알아갈 수 있겠지.
DionysusWithAphrodite01|Dionysus With Aphrodite 01|Dionysus|이거 봐, 자그레우스. 너도 이제 알겠지만 연회를 할 때는 마지막에 나오는 자가 최고의 공연을 선보이기 마련이지. 내게는 여기 아프로디테 님이 계시고!
DionysusWithAphrodite01|Dionysus With Aphrodite 01|Aphrodite|와인은 모든 사람을 보다 더 아름답게 보이도록 만드는 힘이 있지요, 디오니소스 님! 그런 아름다움에서 오래 지속되는 사랑이 태어난답니다! 그리고 짧은 사랑도 많이 태어나지요.
AthenaWithAphrodite01|Athena With Aphrodite 01|Athena|너의 곤경이 우리 가족을 하나로 모았다. 너를 돕겠다는 의지로 말이야, 친척아. 보통 남보다 자기 자신을 먼저 생각하는 자들임에도 말이지.
AthenaWithAphrodite01|Athena With Aphrodite 01|Aphrodite|어머, 내게도 아테나 자기 같은 지혜가 있다면 그렇게 교묘하게 모욕을 잘 할 수 있을 텐데 말이야! 그 위선으로 남들을 놀리고 그러면 안 되지 않겠니.
AthenaWithAphrodite01|Athena With Aphrodite 01|Athena|세상은 항상 너처럼 거짓되고 기만적이지 않아, 아프로디테, 때로는 도움을 주는 게 겉보기와는 다를 수도 있지. 자그레우스를 돕든가, 아니면 저리 빠져 있어.
DemeterWithAphrodite01|Demeter With Aphrodite 01|Demeter|이걸 기억해라, 자그레우스. 얼어붙은 마음은 그 어떤 것에도 정을 주지 않는 거야. 그렇지 않니, 아프로디테?
DemeterWithAphrodite01|Demeter With Aphrodite 01|Aphrodite|모르겠어요, 사랑하는 데메테르 님! 얼어붙은 마음은 녹는 법이고, 그 다음엔 새로운 활기로 다시 뛰기 마련이니까요. 데메테르 님도 곧 그렇게 되시리라 믿어요! 시간문제겠죠. 필멸자들에겐 아니겠지만요. 가엾은 자들.
